{
    "notiec":[
        {
            "id":292,
            "content":"23232356",
            "title":"测试效果2",
            "publish_at":"2017-05-04T10:02:21Z"
        },
        {
            "id":291,
            "content":"232356测试",
            "title":"测试效果",
            "publish_at":"2017-05-04T10:01:01Z"
        },{
             "id":290,
            "content":"ccc",
            "title":"ccc",
            "publish_at":"2017-04-26T10:19:11Z"
        },{
            "id":289,
            "content":"ccc",
            "title":"ccc",
            "publish_at":"2017-04-26T10:18:28Z"
        }
    ]
}